ID,sex,age_yrs,length_m,Details,source
6,Female,0,4.75,,Rice and Wolman (1971)
17,Female,1.21,9.43,Calf (JJ),Sumich (2001); Sumich et al. (2013)
19,Female,1.11,8.2,Calf (Gigi II),Sumich (1986)- cited Wahrenbrock pers. comm; Sumich et al. 2013- cited Wahrenbrock et al. 1974)
37,Unknown,0,4.877,Vega expedition @ Magdalena Bay,Risting (1928)
38,Unknown,0,4.572,Vega expedition @ Magdalena Bay,Risting (1928)
39,Unknown,0,5.182,Vega expedition @ Magdalena Bay,Risting (1928)
40,Unknown,0,4.877,Vega expedition @ Magdalena Bay,Risting (1928)
41,Unknown,0,5.182,Vega expedition @ Magdalena Bay,Risting (1928)
42,Male,1,9.144,Vega expedition @ Magdalena Bay (~1 yr old),Risting (1928)
43,Male,1,9.144,Vega expedition @ Magdalena Bay (~1 yr old),Risting (1928)
44,Male,1,9.144,Vega expedition @ Magdalena Bay (~1 yr old),Risting (1928)
45,Female,1,9.144,Vega expedition @ Magdalena Bay (~1 yr old),Risting (1928)
182,Female,55,13.8,56 ear plug growth layers,Zimushko (1970); Yablokov and Bogoslovskaya (1984)
183,Male,41,12.9,42 ear plug growth layers,Zimushko (1970); Yablokov and Bogoslovskaya (1984)
188,Female,78,13.98,35 corpora / 41 ear plug growth layers,Rice and Wolman (1971)
189,Female,52,14.2,22 corpora / 43 laminae in ear plugs,Rice and Wolman (1971)
191,Male,20,12.75,21 growth layers in ear plug,Rice and Wolman (1971)
193,Male,22,13.23,23 growth layers in ear plug,Rice and Wolman (1971)
194,Male,0,4.86,Near term foetuses,Rice and Wolman (1971)
195,Female,0,4.58,Near term foetuses,Rice and Wolman (1971)
196,Male,0,4.53,Near term foetuses,Rice and Wolman (1971)
197,Male,0,4.65,Near term foetuses,Rice and Wolman (1971)
198,Male,0,4.67,Near term foetuses,Rice and Wolman (1971)
199,Female,0,4.5,Near term foetuses,Rice and Wolman (1971)
200,Male,0,4.15,Near term foetuses,Rice and Wolman (1971)
201,Male,0,4.07,Near term foetuses,Rice and Wolman (1971)
202,Male,0,4.54,Near term foetuses,Rice and Wolman (1971)
203,Male,0,4.84,Near term foetuses,Rice and Wolman (1971)
204,Female,0,4.55,Near term foetuses,Rice and Wolman (1971)
205,Female,0,4.78,Near term foetuses,Rice and Wolman (1971)
206,Female,0,5.12,Near term foetuses,Rice and Wolman (1971)
207,Male,0,3.85,Near term foetuses,Rice and Wolman (1971)
208,Male,0,4.62,Near term foetuses,Rice and Wolman (1971)
209,Male,0,4.63,Near term foetuses,Rice and Wolman (1971)
210,Female,0,5.08,Near term foetuses,Rice and Wolman (1971)
211,Male,0,4.62,Near term foetuses,Rice and Wolman (1971)
212,Male,0,4.79,Near term foetuses,Rice and Wolman (1971)
213,Male,0,4.22,Near term foetuses,Rice and Wolman (1971)
214,Male,0,4.89,Near term foetuses,Rice and Wolman (1971)
215,Female,0,3.6,Near term foetuses,Rice and Wolman (1971)
216,Male,0,4.52,Near term foetuses,Rice and Wolman (1971)
217,Male,0,4.81,Near term foetuses,Rice and Wolman (1971)
218,Female,0,4.32,Near term foetuses,Rice and Wolman (1971)
219,Male,0,4.7,Near term foetuses,Rice and Wolman (1971)
220,Female,0,5.12,Near term foetuses,Rice and Wolman (1971)
221,Female,0,5.12,Near term foetuses,Rice and Wolman (1971)
222,Female,0,5.24,Near term foetuses,Rice and Wolman (1971)
223,Male,0,4.72,Near term foetuses,Rice and Wolman (1971)
224,Female,0,4.58,Near term foetuses,Rice and Wolman (1971)
225,Male,0,4.77,Near term foetuses,Rice and Wolman (1971)
226,Male,0,5.31,Near term foetuses,Rice and Wolman (1971)
227,Female,0,4.42,Near term foetuses,Rice and Wolman (1971)
228,Female,0,4.44,Near term foetuses,Rice and Wolman (1971)
229,Female,0,4.93,Near term foetuses,Rice and Wolman (1971)
230,Female,0,4.54,Near term foetuses,Rice and Wolman (1971)
231,Female,0,4.92,Near term foetuses,Rice and Wolman (1971)
232,Male,0,4.72,Near term foetuses,Rice and Wolman (1971)
233,Female,0,4.24,Near term foetuses,Rice and Wolman (1971)
234,Male,0,4.52,Near term foetuses,Rice and Wolman (1971)
235,Male,0,5.24,Near term foetuses,Rice and Wolman (1971)
236,Female,0,4.43,Near term foetuses,Rice and Wolman (1971)
237,Female,0,4.11,Near term foetuses,Rice and Wolman (1971)
238,Female,0,4.73,Near term foetuses,Rice and Wolman (1971)
239,Female,0,4.33,Near term foetuses,Rice and Wolman (1971)
240,Female,0,5.11,Near term foetuses,Rice and Wolman (1971)
241,Male,0,4.59,Near term foetuses,Rice and Wolman (1971)
242,Male,0,4.41,Near term foetuses,Rice and Wolman (1971)
243,Male,0,4.48,Near term foetuses,Rice and Wolman (1971)
244,Male,0,4.26,Near term foetuses,Rice and Wolman (1971)
245,Male,0,4.53,Near term foetuses,Rice and Wolman (1971)
246,Female,0,4.8,Near term foetuses,Rice and Wolman (1971)
247,Male,0,4.39,Near term foetuses,Rice and Wolman (1971)
248,Female,0,4.75,Near term foetuses,Rice and Wolman (1971)
249,Female,3,9.2,From Chukotka (1980),Blokhin (1982)
250,Male,4,11.6,From Chukotka (1980),Blokhin (1982)
251,Female,5,10.5,From Chukotka (1980),Blokhin (1982)
252,Male,5,10.4,From Chukotka (1980),Blokhin (1982)
253,Female,6,10.8,From Chukotka (1980),Blokhin (1982)
254,Male,6,11.2,From Chukotka (1980),Blokhin (1982)
255,Female,7,11.6,From Chukotka (1980),Blokhin (1982)
256,Female,7,11.8,From Chukotka (1980),Blokhin (1982)
257,Female,9,12,From Chukotka (1980),Blokhin (1982)
258,Female,9,12,From Chukotka (1980),Blokhin (1982)
259,Female,9,13,From Chukotka (1980),Blokhin (1982)
260,Female,9,13.2,From Chukotka (1980),Blokhin (1982)
261,Female,12,12.5,From Chukotka (1980),Blokhin (1982)
262,Male,12,11.5,From Chukotka (1980),Blokhin (1982)
263,Male,12,12.1,From Chukotka (1980),Blokhin (1982)
264,Female,14,12.2,From Chukotka (1980),Blokhin (1982)
265,Female,14,12.5,From Chukotka (1980),Blokhin (1982)
266,Male,14,12,From Chukotka (1980),Blokhin (1982)
267,Male,15,12.3,From Chukotka (1980),Blokhin (1982)
268,Female,16,12.2,From Chukotka (1980),Blokhin (1982)
269,Male,17,12.1,From Chukotka (1980),Blokhin (1982)
270,Female,23,12.5,From Chukotka (1980),Blokhin (1982)
271,Female,24,13.1,From Chukotka (1980),Blokhin (1982)
272,Male,25,11.4,From Chukotka (1980),Blokhin (1982)
273,Female,26,12.9,From Chukotka (1980),Blokhin (1982)
274,Female,27,13.9,From Chukotka (1980),Blokhin (1982)
275,Female,29,13.2,From Chukotka (1980),Blokhin (1982)
276,Male,29,12,From Chukotka (1980),Blokhin (1982)
277,Female,31,13.9,From Chukotka (1980),Blokhin (1982)
278,Male,32,12.4,From Chukotka (1980),Blokhin (1982)
279,Male,35,11.6,From Chukotka (1980),Blokhin (1982)
280,Male,44,13,From Chukotka (1980),Blokhin (1982)
281,Male,44,13,From Chukotka (1980),Blokhin (1982)
282,Male,45,11.9,From Chukotka (1980),Blokhin (1982)
283,Female,48,13,From Chukotka (1980),Blokhin (1982)
334,Female,1.5,9.1,From Chukotka (1983),Blokhin (1985)
335,Female,1.5,10,From Chukotka (1983),Blokhin (1985)
336,Male,1.5,9.7,From Chukotka (1983),Blokhin (1985)
337,Female,31,12.5,From Chukotka (1983),Blokhin (1985)
338,Male,36,12.9,From Chukotka (1983),Blokhin (1985)
339,Female,33,13,From Chukotka (1984),Blokhin (1986)
340,Female,0.83,8.6,From Chukotka (1984),Blokhin (1986)
341,Male,15,12,From Chukotka (1984),Blokhin (1986)
342,Male,1.5,9.7,From Chukotka (1984),Blokhin (1986)
364,Female,33,13.9,From Chukotka (1985) - 33 ear plug laminae (13 CAs),Blokhin (1987)
368,Female,46,12.7,From Chukotka (1990),Blokhin (1987)
369,Male,3.5,10.2,From Chukotka (1990),Blokhin (1987)
370,Male,4.07,10.612,Soviet data - obtained from graph WebPlotDigitizer,Zimushko and Ivashin (1980)
371,Male,4.92,9.83,Soviet data - obtained from graph WebPlotDigitizer,Zimushko and Ivashin (1980)
372,Male,6.06,10.689,Soviet data - obtained from graph WebPlotDigitizer,Zimushko and Ivashin (1980)
373,Male,6.06,11.197,Soviet data - obtained from graph WebPlotDigitizer,Zimushko and Ivashin (1980)
374,Male,6.06,11.497,Soviet data - obtained from graph WebPlotDigitizer,Zimushko and Ivashin (1980)
375,Male,7.04,11.665,Soviet data - obtained from graph WebPlotDigitizer,Zimushko and Ivashin (1980)
376,Male,8.05,11.534,Soviet data - obtained from graph WebPlotDigitizer,Zimushko and Ivashin (1980)
377,Male,9.08,12.433,Soviet data - obtained from graph WebPlotDigitizer,Zimushko and Ivashin (1980)
378,Male,10.75,12.249,Soviet data - obtained from graph WebPlotDigitizer,Zimushko and Ivashin (1980)
379,Male,13.88,12.703,Soviet data - obtained from graph WebPlotDigitizer,Zimushko and Ivashin (1980)
380,Male,15.11,12.194,Soviet data - obtained from graph WebPlotDigitizer,Zimushko and Ivashin (1980)
381,Male,18.09,12.622,Soviet data - obtained from graph WebPlotDigitizer,Zimushko and Ivashin (1980)
382,Male,18.11,12.218,Soviet data - obtained from graph WebPlotDigitizer,Zimushko and Ivashin (1980)
383,Male,22.1,12.75,Soviet data - obtained from graph WebPlotDigitizer,Zimushko and Ivashin (1980)
384,Male,23.03,13.427,Soviet data - obtained from graph WebPlotDigitizer,Zimushko and Ivashin (1980)
385,Male,23.16,13.01,Soviet data - obtained from graph WebPlotDigitizer,Zimushko and Ivashin (1980)
386,Male,25.2,12.852,Soviet data - obtained from graph WebPlotDigitizer,Zimushko and Ivashin (1980)
387,Male,27.98,13.554,Soviet data - obtained from graph WebPlotDigitizer,Zimushko and Ivashin (1980)
388,Male,28.2,12.968,Soviet data - obtained from graph WebPlotDigitizer,Zimushko and Ivashin (1980)
389,Male,27.95,12.694,Soviet data - obtained from graph WebPlotDigitizer,Zimushko and Ivashin (1980)
390,Male,28.05,12.486,Soviet data - obtained from graph WebPlotDigitizer,Zimushko and Ivashin (1980)
391,Male,29.11,12.837,Soviet data - obtained from graph WebPlotDigitizer,Zimushko and Ivashin (1980)
392,Male,31.05,13.695,Soviet data - obtained from graph WebPlotDigitizer,Zimushko and Ivashin (1980)
393,Female,6.07,12.647,Rice and Wolman Fig12 - used for von Bertalanffy,Rice and Wolman (1971)
394,Female,8.06,12.833,Rice and Wolman Fig12 - used for von Bertalanffy,Rice and Wolman (1971)
395,Female,9.07,13.032,Rice and Wolman Fig12 - used for von Bertalanffy,Rice and Wolman (1971)
396,Female,10.03,13.543,Rice and Wolman Fig12 - used for von Bertalanffy,Rice and Wolman (1971)
397,Female,9.03,11.646,Rice and Wolman Fig12 - used for von Bertalanffy,Rice and Wolman (1971)
398,Female,10.04,11.876,Rice and Wolman Fig12 - used for von Bertalanffy,Rice and Wolman (1971)
399,Female,13.99,11.449,Rice and Wolman Fig12 - used for von Bertalanffy,Rice and Wolman (1971)
400,Female,12,12.312,Rice and Wolman Fig12 - used for von Bertalanffy,Rice and Wolman (1971)
401,Female,12.04,12.243,Rice and Wolman Fig12 - used for von Bertalanffy,Rice and Wolman (1971)
402,Female,11.06,12.425,Rice and Wolman Fig12 - used for von Bertalanffy,Rice and Wolman (1971)
403,Female,11.03,12.575,Rice and Wolman Fig12 - used for von Bertalanffy,Rice and Wolman (1971)
404,Female,11.03,12.681,Rice and Wolman Fig12 - used for von Bertalanffy,Rice and Wolman (1971)
405,Female,10.05,12.831,Rice and Wolman Fig12 - used for von Bertalanffy,Rice and Wolman (1971)
406,Female,12.07,12.824,Rice and Wolman Fig12 - used for von Bertalanffy,Rice and Wolman (1971)
407,Female,12.07,12.699,Rice and Wolman Fig12 - used for von Bertalanffy,Rice and Wolman (1971)
408,Female,12.07,12.543,Rice and Wolman Fig12 - used for von Bertalanffy,Rice and Wolman (1971)
409,Female,13.02,12.686,Rice and Wolman Fig12 - used for von Bertalanffy,Rice and Wolman (1971)
410,Female,13.05,12.948,Rice and Wolman Fig12 - used for von Bertalanffy,Rice and Wolman (1971)
411,Female,13.06,13.304,Rice and Wolman Fig12 - used for von Bertalanffy,Rice and Wolman (1971)
412,Female,15,12.154,Rice and Wolman Fig12 - used for von Bertalanffy,Rice and Wolman (1971)
413,Female,16.02,12.172,Rice and Wolman Fig12 - used for von Bertalanffy,Rice and Wolman (1971)
414,Female,16.02,12.565,Rice and Wolman Fig12 - used for von Bertalanffy,Rice and Wolman (1971)
415,Female,17,12.833,Rice and Wolman Fig12 - used for von Bertalanffy,Rice and Wolman (1971)
416,Female,16.06,13.008,Rice and Wolman Fig12 - used for von Bertalanffy,Rice and Wolman (1971)
417,Female,17.07,13.089,Rice and Wolman Fig12 - used for von Bertalanffy,Rice and Wolman (1971)
418,Female,18.01,12.763,Rice and Wolman Fig12 - used for von Bertalanffy,Rice and Wolman (1971)
419,Female,18.99,12.638,Rice and Wolman Fig12 - used for von Bertalanffy,Rice and Wolman (1971)
420,Female,19.02,12.069,Rice and Wolman Fig12 - used for von Bertalanffy,Rice and Wolman (1971)
421,Female,20,12.393,Rice and Wolman Fig12 - used for von Bertalanffy,Rice and Wolman (1971)
422,Female,20.03,12.643,Rice and Wolman Fig12 - used for von Bertalanffy,Rice and Wolman (1971)
423,Female,19.72,12.743,Rice and Wolman Fig12 - used for von Bertalanffy,Rice and Wolman (1971)
424,Female,20.29,12.755,Rice and Wolman Fig12 - used for von Bertalanffy,Rice and Wolman (1971)
425,Female,21.01,12.861,Rice and Wolman Fig12 - used for von Bertalanffy,Rice and Wolman (1971)
426,Female,19.03,13.056,Rice and Wolman Fig12 - used for von Bertalanffy,Rice and Wolman (1971)
427,Female,20.04,13.536,Rice and Wolman Fig12 - used for von Bertalanffy,Rice and Wolman (1971)
428,Female,22,13.304,Rice and Wolman Fig12 - used for von Bertalanffy,Rice and Wolman (1971)
429,Female,24.01,12.553,Rice and Wolman Fig12 - used for von Bertalanffy,Rice and Wolman (1971)
430,Female,23.98,12.834,Rice and Wolman Fig12 - used for von Bertalanffy,Rice and Wolman (1971)
431,Female,24.02,12.921,Rice and Wolman Fig12 - used for von Bertalanffy,Rice and Wolman (1971)
432,Female,23.96,13.383,Rice and Wolman Fig12 - used for von Bertalanffy,Rice and Wolman (1971)
433,Female,25.98,13.357,Rice and Wolman Fig12 - used for von Bertalanffy,Rice and Wolman (1971)
434,Female,26.96,13.481,Rice and Wolman Fig12 - used for von Bertalanffy,Rice and Wolman (1971)
435,Female,27.94,13.193,Rice and Wolman Fig12 - used for von Bertalanffy,Rice and Wolman (1971)
436,Female,27.97,13.068,Rice and Wolman Fig12 - used for von Bertalanffy,Rice and Wolman (1971)
437,Female,29.96,13.098,Rice and Wolman Fig12 - used for von Bertalanffy,Rice and Wolman (1971)
438,Female,29.99,13.254,Rice and Wolman Fig12 - used for von Bertalanffy,Rice and Wolman (1971)
439,Female,39.93,12.085,Rice and Wolman Fig12 - used for von Bertalanffy,Rice and Wolman (1971)
440,Female,40.9,13.958,Rice and Wolman Fig12 - used for von Bertalanffy,Rice and Wolman (1971)
441,Female,47.92,14.19,Rice and Wolman Fig12 - used for von Bertalanffy,Rice and Wolman (1971)
442,Female,1.79,8.623,Rice and Wolman Fig12 - used for von Bertalanffy,Rice and Wolman (1971)
443,Female,2.3,8.629,Rice and Wolman Fig12 - used for von Bertalanffy,Rice and Wolman (1971)
444,Female,2.08,8.785,Rice and Wolman Fig12 - used for von Bertalanffy,Rice and Wolman (1971)
445,Female,2.05,9.385,Rice and Wolman Fig12 - used for von Bertalanffy,Rice and Wolman (1971)
446,Female,2.05,9.603,Rice and Wolman Fig12 - used for von Bertalanffy,Rice and Wolman (1971)
447,Female,3.07,9.584,Rice and Wolman Fig12 - used for von Bertalanffy,Rice and Wolman (1971)
448,Female,3.07,9.734,Rice and Wolman Fig12 - used for von Bertalanffy,Rice and Wolman (1971)
449,Female,4.05,10.145,Rice and Wolman Fig12 - used for von Bertalanffy,Rice and Wolman (1971)
450,Female,5.03,10.244,Rice and Wolman Fig12 - used for von Bertalanffy,Rice and Wolman (1971)
451,Female,8.01,10.779,Rice and Wolman Fig12 - used for von Bertalanffy,Rice and Wolman (1971)
452,Female,6.02,11.355,Rice and Wolman Fig12 - used for von Bertalanffy,Rice and Wolman (1971)
453,Female,5.05,11.661,Rice and Wolman Fig12 - used for von Bertalanffy,Rice and Wolman (1971)
454,Female,6.06,11.667,Rice and Wolman Fig12 - used for von Bertalanffy,Rice and Wolman (1971)
455,Female,7.95,11.778,Rice and Wolman Fig12 - used for von Bertalanffy,Rice and Wolman (1971)
456,Female,9,11.783,Rice and Wolman Fig12 - used for von Bertalanffy,Rice and Wolman (1971)
457,Female,7.99,11.859,Rice and Wolman Fig12 - used for von Bertalanffy,Rice and Wolman (1971)
458,Female,8.05,11.946,Rice and Wolman Fig12 - used for von Bertalanffy,Rice and Wolman (1971)
459,Female,6.07,12.916,Rice and Wolman Fig12 - used for von Bertalanffy,Rice and Wolman (1971)
460,Female,13.02,12.811,Rice and Wolman Fig12 - used for von Bertalanffy,Rice and Wolman (1971)
461,Male,6.94,10.54,Rice and Wolman Fig13 - used for von Bertalanffy,Rice and Wolman (1971)
462,Male,8.92,10.71,Rice and Wolman Fig13 - used for von Bertalanffy,Rice and Wolman (1971)
463,Male,7.97,10.96,Rice and Wolman Fig13 - used for von Bertalanffy,Rice and Wolman (1971)
464,Male,10.89,10.958,Rice and Wolman Fig13 - used for von Bertalanffy,Rice and Wolman (1971)
465,Male,12.93,10.83,Rice and Wolman Fig13 - used for von Bertalanffy,Rice and Wolman (1971)
466,Male,12.92,11.145,Rice and Wolman Fig13 - used for von Bertalanffy,Rice and Wolman (1971)
467,Male,13.9,11.454,Rice and Wolman Fig13 - used for von Bertalanffy,Rice and Wolman (1971)
468,Male,13.92,11.526,Rice and Wolman Fig13 - used for von Bertalanffy,Rice and Wolman (1971)
469,Male,6.03,12.305,Rice and Wolman Fig13 - used for von Bertalanffy,Rice and Wolman (1971)
470,Male,7.99,11.844,Rice and Wolman Fig13 - used for von Bertalanffy,Rice and Wolman (1971)
471,Male,8.01,12.303,Rice and Wolman Fig13 - used for von Bertalanffy,Rice and Wolman (1971)
472,Male,8.01,12.508,Rice and Wolman Fig13 - used for von Bertalanffy,Rice and Wolman (1971)
473,Male,9.96,12.363,Rice and Wolman Fig13 - used for von Bertalanffy,Rice and Wolman (1971)
474,Male,9.94,11.965,Rice and Wolman Fig13 - used for von Bertalanffy,Rice and Wolman (1971)
475,Male,9.94,11.722,Rice and Wolman Fig13 - used for von Bertalanffy,Rice and Wolman (1971)
476,Male,10.97,11.826,Rice and Wolman Fig13 - used for von Bertalanffy,Rice and Wolman (1971)
477,Male,10.91,11.76,Rice and Wolman Fig13 - used for von Bertalanffy,Rice and Wolman (1971)
478,Male,10.94,11.688,Rice and Wolman Fig13 - used for von Bertalanffy,Rice and Wolman (1971)
479,Male,10.94,11.627,Rice and Wolman Fig13 - used for von Bertalanffy,Rice and Wolman (1971)
480,Male,11.89,11.859,Rice and Wolman Fig13 - used for von Bertalanffy,Rice and Wolman (1971)
481,Male,11.94,11.992,Rice and Wolman Fig13 - used for von Bertalanffy,Rice and Wolman (1971)
482,Male,11.93,12.639,Rice and Wolman Fig13 - used for von Bertalanffy,Rice and Wolman (1971)
483,Male,12.94,12.422,Rice and Wolman Fig13 - used for von Bertalanffy,Rice and Wolman (1971)
484,Male,12.94,11.93,Rice and Wolman Fig13 - used for von Bertalanffy,Rice and Wolman (1971)
485,Male,12.92,11.825,Rice and Wolman Fig13 - used for von Bertalanffy,Rice and Wolman (1971)
486,Male,12.95,11.759,Rice and Wolman Fig13 - used for von Bertalanffy,Rice and Wolman (1971)
487,Male,13.91,12.527,Rice and Wolman Fig13 - used for von Bertalanffy,Rice and Wolman (1971)
488,Male,13.94,12.378,Rice and Wolman Fig13 - used for von Bertalanffy,Rice and Wolman (1971)
489,Male,13.89,12.311,Rice and Wolman Fig13 - used for von Bertalanffy,Rice and Wolman (1971)
490,Male,13.92,12.09,Rice and Wolman Fig13 - used for von Bertalanffy,Rice and Wolman (1971)
491,Male,14.92,11.747,Rice and Wolman Fig13 - used for von Bertalanffy,Rice and Wolman (1971)
492,Male,14.92,11.586,Rice and Wolman Fig13 - used for von Bertalanffy,Rice and Wolman (1971)
493,Male,16.93,12.044,Rice and Wolman Fig13 - used for von Bertalanffy,Rice and Wolman (1971)
494,Male,16.9,11.569,Rice and Wolman Fig13 - used for von Bertalanffy,Rice and Wolman (1971)
495,Male,16.88,11.447,Rice and Wolman Fig13 - used for von Bertalanffy,Rice and Wolman (1971)
496,Male,17.91,11.502,Rice and Wolman Fig13 - used for von Bertalanffy,Rice and Wolman (1971)
497,Male,18.88,11.595,Rice and Wolman Fig13 - used for von Bertalanffy,Rice and Wolman (1971)
498,Male,18.85,11.744,Rice and Wolman Fig13 - used for von Bertalanffy,Rice and Wolman (1971)
499,Male,19.85,11.694,Rice and Wolman Fig13 - used for von Bertalanffy,Rice and Wolman (1971)
500,Male,16.89,12.603,Rice and Wolman Fig13 - used for von Bertalanffy,Rice and Wolman (1971)
501,Male,17.9,12.348,Rice and Wolman Fig13 - used for von Bertalanffy,Rice and Wolman (1971)
502,Male,17.9,12.016,Rice and Wolman Fig13 - used for von Bertalanffy,Rice and Wolman (1971)
503,Male,18.84,12.502,Rice and Wolman Fig13 - used for von Bertalanffy,Rice and Wolman (1971)
504,Male,19.85,12.258,Rice and Wolman Fig13 - used for von Bertalanffy,Rice and Wolman (1971)
505,Male,19.88,12.142,Rice and Wolman Fig13 - used for von Bertalanffy,Rice and Wolman (1971)
506,Male,20.88,11.915,Rice and Wolman Fig13 - used for von Bertalanffy,Rice and Wolman (1971)
507,Male,20.86,11.848,Rice and Wolman Fig13 - used for von Bertalanffy,Rice and Wolman (1971)
508,Male,20.85,12.811,Rice and Wolman Fig13 - used for von Bertalanffy,Rice and Wolman (1971)
509,Male,20.88,12.739,Rice and Wolman Fig13 - used for von Bertalanffy,Rice and Wolman (1971)
510,Male,20.88,12.44,Rice and Wolman Fig13 - used for von Bertalanffy,Rice and Wolman (1971)
511,Male,20.88,12.341,Rice and Wolman Fig13 - used for von Bertalanffy,Rice and Wolman (1971)
512,Male,22.88,13.213,Rice and Wolman Fig13 - used for von Bertalanffy,Rice and Wolman (1971)
513,Male,21.85,12.583,Rice and Wolman Fig13 - used for von Bertalanffy,Rice and Wolman (1971)
514,Male,21.85,12.495,Rice and Wolman Fig13 - used for von Bertalanffy,Rice and Wolman (1971)
515,Male,21.83,12.312,Rice and Wolman Fig13 - used for von Bertalanffy,Rice and Wolman (1971)
516,Male,21.83,12.091,Rice and Wolman Fig13 - used for von Bertalanffy,Rice and Wolman (1971)
517,Male,22.86,12.135,Rice and Wolman Fig13 - used for von Bertalanffy,Rice and Wolman (1971)
518,Male,23.86,12.3,Rice and Wolman Fig13 - used for von Bertalanffy,Rice and Wolman (1971)
519,Male,24.81,11.852,Rice and Wolman Fig13 - used for von Bertalanffy,Rice and Wolman (1971)
520,Male,27.29,12.155,Rice and Wolman Fig13 - used for von Bertalanffy,Rice and Wolman (1971)
521,Male,28.82,12.17,Rice and Wolman Fig13 - used for von Bertalanffy,Rice and Wolman (1971)
522,Male,28.82,11.551,Rice and Wolman Fig13 - used for von Bertalanffy,Rice and Wolman (1971)
523,Male,32.8,12.395,Rice and Wolman Fig13 - used for von Bertalanffy,Rice and Wolman (1971)
524,Male,34.78,12.438,Rice and Wolman Fig13 - used for von Bertalanffy,Rice and Wolman (1971)
525,Male,37.75,12.989,Rice and Wolman Fig13 - used for von Bertalanffy,Rice and Wolman (1971)
526,Male,39.73,12.623,Rice and Wolman Fig13 - used for von Bertalanffy,Rice and Wolman (1971)
527,Male,39.74,12.446,Rice and Wolman Fig13 - used for von Bertalanffy,Rice and Wolman (1971)
528,Male,39.74,12.092,Rice and Wolman Fig13 - used for von Bertalanffy,Rice and Wolman (1971)
529,Male,39.77,11.877,Rice and Wolman Fig13 - used for von Bertalanffy,Rice and Wolman (1971)
530,Male,46.59,12.188,Rice and Wolman Fig13 - used for von Bertalanffy,Rice and Wolman (1971)
531,Male,57.7,13.089,Rice and Wolman Fig13 - used for von Bertalanffy,Rice and Wolman (1971)
532,Male,69.76,12.761,Rice and Wolman Fig13 - used for von Bertalanffy,Rice and Wolman (1971)
533,Male,1.94,9.221,Rice and Wolman Fig13 - used for von Bertalanffy,Rice and Wolman (1971)
534,Male,2.99,9.641,Rice and Wolman Fig13 - used for von Bertalanffy,Rice and Wolman (1971)
535,Male,1.99,9.829,Rice and Wolman Fig13 - used for von Bertalanffy,Rice and Wolman (1971)
536,Male,3.97,9.85,Rice and Wolman Fig13 - used for von Bertalanffy,Rice and Wolman (1971)
537,Male,3.99,9.906,Rice and Wolman Fig13 - used for von Bertalanffy,Rice and Wolman (1971)
538,Male,2.93,9.895,Rice and Wolman Fig13 - used for von Bertalanffy,Rice and Wolman (1971)
539,Male,2.96,9.962,Rice and Wolman Fig13 - used for von Bertalanffy,Rice and Wolman (1971)
540,Male,2.99,10.072,Rice and Wolman Fig13 - used for von Bertalanffy,Rice and Wolman (1971)
541,Male,2.99,10.249,Rice and Wolman Fig13 - used for von Bertalanffy,Rice and Wolman (1971)
542,Male,2.01,10.338,Rice and Wolman Fig13 - used for von Bertalanffy,Rice and Wolman (1971)
543,Male,4.97,10.038,Rice and Wolman Fig13 - used for von Bertalanffy,Rice and Wolman (1971)
544,Male,4.97,10.143,Rice and Wolman Fig13 - used for von Bertalanffy,Rice and Wolman (1971)
545,Male,4.96,10.442,Rice and Wolman Fig13 - used for von Bertalanffy,Rice and Wolman (1971)
546,Male,4.99,10.502,Rice and Wolman Fig13 - used for von Bertalanffy,Rice and Wolman (1971)
547,Male,5.99,10.806,Rice and Wolman Fig13 - used for von Bertalanffy,Rice and Wolman (1971)
548,Male,5.96,10.922,Rice and Wolman Fig13 - used for von Bertalanffy,Rice and Wolman (1971)
549,Male,6.88,11.021,Rice and Wolman Fig13 - used for von Bertalanffy,Rice and Wolman (1971)
550,Male,7.19,11.015,Rice and Wolman Fig13 - used for von Bertalanffy,Rice and Wolman (1971)
551,Male,7.99,11.291,Rice and Wolman Fig13 - used for von Bertalanffy,Rice and Wolman (1971)
552,Male,6.94,10.662,Rice and Wolman Fig13 - used for von Bertalanffy,Rice and Wolman (1971)
553,Male,6.95,9.976,Rice and Wolman Fig13 - used for von Bertalanffy,Rice and Wolman (1971)
554,Male,7.95,10.307,Rice and Wolman Fig13 - used for von Bertalanffy,Rice and Wolman (1971)
555,Male,10.93,10.223,Rice and Wolman Fig13 - used for von Bertalanffy,Rice and Wolman (1971)
556,Male,9.92,10.909,Rice and Wolman Fig13 - used for von Bertalanffy,Rice and Wolman (1971)
557,Male,9.94,11.13,Rice and Wolman Fig13 - used for von Bertalanffy,Rice and Wolman (1971)
558,Male,8.99,11.241,Rice and Wolman Fig13 - used for von Bertalanffy,Rice and Wolman (1971)
559,Male,8.97,11.319,Rice and Wolman Fig13 - used for von Bertalanffy,Rice and Wolman (1971)
560,Male,7.99,11.734,Rice and Wolman Fig13 - used for von Bertalanffy,Rice and Wolman (1971)
561,Male,3.97,9.135,Yablokov and Bogoslovskaya Fig 2,Yablokov and Bogoslovskaya (1984); Zimushko (1970); Zimushko & Ivashin  (1980)
562,Male,6.04,9.723,Yablokov and Bogoslovskaya Fig 2,Yablokov and Bogoslovskaya (1984); Zimushko (1970); Zimushko & Ivashin  (1980)
563,Male,3.92,10.515,Yablokov and Bogoslovskaya Fig 2,Yablokov and Bogoslovskaya (1984); Zimushko (1970); Zimushko & Ivashin  (1980)
564,Male,6.07,10.556,Yablokov and Bogoslovskaya Fig 2,Yablokov and Bogoslovskaya (1984); Zimushko (1970); Zimushko & Ivashin  (1980)
565,Male,6.13,10.932,Yablokov and Bogoslovskaya Fig 2,Yablokov and Bogoslovskaya (1984); Zimushko (1970); Zimushko & Ivashin  (1980)
566,Male,6.13,11.307,Yablokov and Bogoslovskaya Fig 2,Yablokov and Bogoslovskaya (1984); Zimushko (1970); Zimushko & Ivashin  (1980)
567,Male,7.62,11.046,Yablokov and Bogoslovskaya Fig 2,Yablokov and Bogoslovskaya (1984); Zimushko (1970); Zimushko & Ivashin  (1980)
568,Male,8.82,11.365,Yablokov and Bogoslovskaya Fig 2,Yablokov and Bogoslovskaya (1984); Zimushko (1970); Zimushko & Ivashin  (1980)
569,Male,9.86,12.214,Yablokov and Bogoslovskaya Fig 2,Yablokov and Bogoslovskaya (1984); Zimushko (1970); Zimushko & Ivashin  (1980)
570,Male,11.03,12.01,Yablokov and Bogoslovskaya Fig 2,Yablokov and Bogoslovskaya (1984); Zimushko (1970); Zimushko & Ivashin  (1980)
571,Male,14.7,11.88,Yablokov and Bogoslovskaya Fig 2,Yablokov and Bogoslovskaya (1984); Zimushko (1970); Zimushko & Ivashin  (1980)
572,Male,13.98,12.835,Yablokov and Bogoslovskaya Fig 2,Yablokov and Bogoslovskaya (1984); Zimushko (1970); Zimushko & Ivashin  (1980)
573,Male,15.93,12.574,Yablokov and Bogoslovskaya Fig 2,Yablokov and Bogoslovskaya (1984); Zimushko (1970); Zimushko & Ivashin  (1980)
574,Male,17.89,12.02,Yablokov and Bogoslovskaya Fig 2,Yablokov and Bogoslovskaya (1984); Zimushko (1970); Zimushko & Ivashin  (1980)
575,Male,18.01,12.754,Yablokov and Bogoslovskaya Fig 2,Yablokov and Bogoslovskaya (1984); Zimushko (1970); Zimushko & Ivashin  (1980)
576,Male,21.88,12.641,Yablokov and Bogoslovskaya Fig 2,Yablokov and Bogoslovskaya (1984); Zimushko (1970); Zimushko & Ivashin  (1980)
577,Male,22.96,12.364,Yablokov and Bogoslovskaya Fig 2,Yablokov and Bogoslovskaya (1984); Zimushko (1970); Zimushko & Ivashin  (1980)
578,Male,22.92,12.951,Yablokov and Bogoslovskaya Fig 2,Yablokov and Bogoslovskaya (1984); Zimushko (1970); Zimushko & Ivashin  (1980)
579,Male,25.16,12.878,Yablokov and Bogoslovskaya Fig 2,Yablokov and Bogoslovskaya (1984); Zimushko (1970); Zimushko & Ivashin  (1980)
580,Male,26.53,12.601,Yablokov and Bogoslovskaya Fig 2,Yablokov and Bogoslovskaya (1984); Zimushko (1970); Zimushko & Ivashin  (1980)
581,Male,27.6,12.446,Yablokov and Bogoslovskaya Fig 2,Yablokov and Bogoslovskaya (1984); Zimushko (1970); Zimushko & Ivashin  (1980)
582,Male,27.57,12.74,Yablokov and Bogoslovskaya Fig 2,Yablokov and Bogoslovskaya (1984); Zimushko (1970); Zimushko & Ivashin  (1980)
583,Male,27.57,13.059,Yablokov and Bogoslovskaya Fig 2,Yablokov and Bogoslovskaya (1984); Zimushko (1970); Zimushko & Ivashin  (1980)
584,Male,27.56,13.785,Yablokov and Bogoslovskaya Fig 2,Yablokov and Bogoslovskaya (1984); Zimushko (1970); Zimushko & Ivashin  (1980)
585,Male,28.71,12.912,Yablokov and Bogoslovskaya Fig 2,Yablokov and Bogoslovskaya (1984); Zimushko (1970); Zimushko & Ivashin  (1980)
586,Male,31.33,13.819,Yablokov and Bogoslovskaya Fig 2,Yablokov and Bogoslovskaya (1984); Zimushko (1970); Zimushko & Ivashin  (1980)
587,Male,35.4,12.603,Yablokov and Bogoslovskaya Fig 2,Yablokov and Bogoslovskaya (1984); Zimushko (1970); Zimushko & Ivashin  (1980)
588,Male,35.43,13.672,Yablokov and Bogoslovskaya Fig 2,Yablokov and Bogoslovskaya (1984); Zimushko (1970); Zimushko & Ivashin  (1980)
589,Male,41.51,12.906,Yablokov and Bogoslovskaya Fig 2,Yablokov and Bogoslovskaya (1984); Zimushko (1970); Zimushko & Ivashin  (1980)
590,Female,6.2,9.695,Yablokov and Bogoslovskaya Fig 3,Yablokov and Bogoslovskaya (1984); Zimushko (1970); Zimushko & Ivashin  (1980)
591,Female,5.11,9.942,Yablokov and Bogoslovskaya Fig 3,Yablokov and Bogoslovskaya (1984); Zimushko (1970); Zimushko & Ivashin  (1980)
592,Female,5.29,10.34,Yablokov and Bogoslovskaya Fig 3,Yablokov and Bogoslovskaya (1984); Zimushko (1970); Zimushko & Ivashin  (1980)
593,Female,6.25,10.891,Yablokov and Bogoslovskaya Fig 3,Yablokov and Bogoslovskaya (1984); Zimushko (1970); Zimushko & Ivashin  (1980)
594,Female,9.95,11.225,Yablokov and Bogoslovskaya Fig 3,Yablokov and Bogoslovskaya (1984); Zimushko (1970); Zimushko & Ivashin  (1980)
595,Female,7.42,11.84,Yablokov and Bogoslovskaya Fig 3,Yablokov and Bogoslovskaya (1984); Zimushko (1970); Zimushko & Ivashin  (1980)
596,Female,8.46,12.016,Yablokov and Bogoslovskaya Fig 3,Yablokov and Bogoslovskaya (1984); Zimushko (1970); Zimushko & Ivashin  (1980)
597,Female,9.49,11.605,Yablokov and Bogoslovskaya Fig 3,Yablokov and Bogoslovskaya (1984); Zimushko (1970); Zimushko & Ivashin  (1980)
598,Female,11.49,11.825,Yablokov and Bogoslovskaya Fig 3,Yablokov and Bogoslovskaya (1984); Zimushko (1970); Zimushko & Ivashin  (1980)
599,Female,11.49,13.028,Yablokov and Bogoslovskaya Fig 3,Yablokov and Bogoslovskaya (1984); Zimushko (1970); Zimushko & Ivashin  (1980)
600,Female,12.56,12.888,Yablokov and Bogoslovskaya Fig 3,Yablokov and Bogoslovskaya (1984); Zimushko (1970); Zimushko & Ivashin  (1980)
601,Female,12.56,12.66,Yablokov and Bogoslovskaya Fig 3,Yablokov and Bogoslovskaya (1984); Zimushko (1970); Zimushko & Ivashin  (1980)
602,Female,11.49,12.528,Yablokov and Bogoslovskaya Fig 3,Yablokov and Bogoslovskaya (1984); Zimushko (1970); Zimushko & Ivashin  (1980)
603,Female,11.44,12.313,Yablokov and Bogoslovskaya Fig 3,Yablokov and Bogoslovskaya (1984); Zimushko (1970); Zimushko & Ivashin  (1980)
604,Female,12.56,12.357,Yablokov and Bogoslovskaya Fig 3,Yablokov and Bogoslovskaya (1984); Zimushko (1970); Zimushko & Ivashin  (1980)
605,Female,12.51,12.515,Yablokov and Bogoslovskaya Fig 3,Yablokov and Bogoslovskaya (1984); Zimushko (1970); Zimushko & Ivashin  (1980)
606,Female,13.16,12.502,Yablokov and Bogoslovskaya Fig 3,Yablokov and Bogoslovskaya (1984); Zimushko (1970); Zimushko & Ivashin  (1980)
607,Female,13.72,12.641,Yablokov and Bogoslovskaya Fig 3,Yablokov and Bogoslovskaya (1984); Zimushko (1970); Zimushko & Ivashin  (1980)
608,Female,14.73,12.381,Yablokov and Bogoslovskaya Fig 3,Yablokov and Bogoslovskaya (1984); Zimushko (1970); Zimushko & Ivashin  (1980)
609,Female,14.76,12.622,Yablokov and Bogoslovskaya Fig 3,Yablokov and Bogoslovskaya (1984); Zimushko (1970); Zimushko & Ivashin  (1980)
610,Female,14.76,13.09,Yablokov and Bogoslovskaya Fig 3,Yablokov and Bogoslovskaya (1984); Zimushko (1970); Zimushko & Ivashin  (1980)
611,Female,15.65,13.09,Yablokov and Bogoslovskaya Fig 3,Yablokov and Bogoslovskaya (1984); Zimushko (1970); Zimushko & Ivashin  (1980)
612,Female,16.81,13.368,Yablokov and Bogoslovskaya Fig 3,Yablokov and Bogoslovskaya (1984); Zimushko (1970); Zimushko & Ivashin  (1980)
613,Female,16.86,13.095,Yablokov and Bogoslovskaya Fig 3,Yablokov and Bogoslovskaya (1984); Zimushko (1970); Zimushko & Ivashin  (1980)
614,Female,16.81,12.937,Yablokov and Bogoslovskaya Fig 3,Yablokov and Bogoslovskaya (1984); Zimushko (1970); Zimushko & Ivashin  (1980)
615,Female,16.84,12.608,Yablokov and Bogoslovskaya Fig 3,Yablokov and Bogoslovskaya (1984); Zimushko (1970); Zimushko & Ivashin  (1980)
616,Female,18.71,13.202,Yablokov and Bogoslovskaya Fig 3,Yablokov and Bogoslovskaya (1984); Zimushko (1970); Zimushko & Ivashin  (1980)
617,Female,18.73,13.031,Yablokov and Bogoslovskaya Fig 3,Yablokov and Bogoslovskaya (1984); Zimushko (1970); Zimushko & Ivashin  (1980)
618,Female,18.76,12.487,Yablokov and Bogoslovskaya Fig 3,Yablokov and Bogoslovskaya (1984); Zimushko (1970); Zimushko & Ivashin  (1980)
619,Female,17.77,12.12,Yablokov and Bogoslovskaya Fig 3,Yablokov and Bogoslovskaya (1984); Zimushko (1970); Zimushko & Ivashin  (1980)
620,Female,20.76,12.113,Yablokov and Bogoslovskaya Fig 3,Yablokov and Bogoslovskaya (1984); Zimushko (1970); Zimushko & Ivashin  (1980)
621,Female,22.84,12.099,Yablokov and Bogoslovskaya Fig 3,Yablokov and Bogoslovskaya (1984); Zimushko (1970); Zimushko & Ivashin  (1980)
622,Female,20.73,12.891,Yablokov and Bogoslovskaya Fig 3,Yablokov and Bogoslovskaya (1984); Zimushko (1970); Zimushko & Ivashin  (1980)
623,Female,21.82,12.866,Yablokov and Bogoslovskaya Fig 3,Yablokov and Bogoslovskaya (1984); Zimushko (1970); Zimushko & Ivashin  (1980)
624,Female,21.82,13.119,Yablokov and Bogoslovskaya Fig 3,Yablokov and Bogoslovskaya (1984); Zimushko (1970); Zimushko & Ivashin  (1980)
625,Female,20.71,13.328,Yablokov and Bogoslovskaya Fig 3,Yablokov and Bogoslovskaya (1984); Zimushko (1970); Zimushko & Ivashin  (1980)
626,Female,23.8,13.314,Yablokov and Bogoslovskaya Fig 3,Yablokov and Bogoslovskaya (1984); Zimushko (1970); Zimushko & Ivashin  (1980)
627,Female,23.8,12.839,Yablokov and Bogoslovskaya Fig 3,Yablokov and Bogoslovskaya (1984); Zimushko (1970); Zimushko & Ivashin  (1980)
628,Female,26.94,13.832,Yablokov and Bogoslovskaya Fig 3,Yablokov and Bogoslovskaya (1984); Zimushko (1970); Zimushko & Ivashin  (1980)
629,Female,26.99,14.364,Yablokov and Bogoslovskaya Fig 3,Yablokov and Bogoslovskaya (1984); Zimushko (1970); Zimushko & Ivashin  (1980)
630,Female,56,13.716,Yablokov and Bogoslovskaya Fig 3,Yablokov and Bogoslovskaya (1984); Zimushko (1970); Zimushko & Ivashin  (1980)
631,Female,3.02,9.208,Blokhin 1984 - Fig 13,Blokhin (1984)
632,Female,5.1,10.45,Blokhin 1984 - Fig 13,Blokhin (1984)
633,Female,5.98,10.749,Blokhin 1984 - Fig 13,Blokhin (1984)
634,Female,3.97,11.462,Blokhin 1984 - Fig 13,Blokhin (1984)
635,Female,3.92,11.651,Blokhin 1984 - Fig 13,Blokhin (1984)
636,Female,4.86,11.761,Blokhin 1984 - Fig 13,Blokhin (1984)
637,Female,5.1,11.828,Blokhin 1984 - Fig 13,Blokhin (1984)
638,Female,5.44,11.85,Blokhin 1984 - Fig 13,Blokhin (1984)
639,Female,6.18,11.826,Blokhin 1984 - Fig 13,Blokhin (1984)
640,Female,7.31,11.592,Blokhin 1984 - Fig 13,Blokhin (1984)
641,Female,9.13,11.945,Blokhin 1984 - Fig 13,Blokhin (1984)
642,Female,9.6,11.978,Blokhin 1984 - Fig 13,Blokhin (1984)
643,Female,10.17,11.933,Blokhin 1984 - Fig 13,Blokhin (1984)
644,Female,9.27,13.134,Blokhin 1984 - Fig 13,Blokhin (1984)
645,Female,9.27,12.834,Blokhin 1984 - Fig 13,Blokhin (1984)
646,Female,10.1,12.689,Blokhin 1984 - Fig 13,Blokhin (1984)
647,Female,12.02,12.442,Blokhin 1984 - Fig 13,Blokhin (1984)
648,Female,14.06,12.184,Blokhin 1984 - Fig 13,Blokhin (1984)
649,Female,14.23,12.473,Blokhin 1984 - Fig 13,Blokhin (1984)
650,Female,15.03,12.506,Blokhin 1984 - Fig 13,Blokhin (1984)
651,Female,14.94,12.717,Blokhin 1984 - Fig 13,Blokhin (1984)
652,Female,15.52,12.683,Blokhin 1984 - Fig 13,Blokhin (1984)
653,Female,16.04,12.204,Blokhin 1984 - Fig 13,Blokhin (1984)
654,Female,17.2,12.659,Blokhin 1984 - Fig 13,Blokhin (1984)
655,Female,19.1,12.679,Blokhin 1984 - Fig 13,Blokhin (1984)
656,Female,19.1,12.89,Blokhin 1984 - Fig 13,Blokhin (1984)
657,Female,19.08,13.079,Blokhin 1984 - Fig 13,Blokhin (1984)
658,Female,21.83,12.542,Blokhin 1984 - Fig 13,Blokhin (1984)
659,Female,23.04,12.441,Blokhin 1984 - Fig 13,Blokhin (1984)
660,Female,24.09,12.784,Blokhin 1984 - Fig 13,Blokhin (1984)
661,Female,24.12,13.084,Blokhin 1984 - Fig 13,Blokhin (1984)
662,Female,25.96,12.827,Blokhin 1984 - Fig 13,Blokhin (1984)
663,Female,27.1,13.77,Blokhin 1984 - Fig 13,Blokhin (1984)
664,Female,29.11,13.701,Blokhin 1984 - Fig 13,Blokhin (1984)
665,Female,29.22,13.168,Blokhin 1984 - Fig 13,Blokhin (1984)
666,Female,30.1,13.233,Blokhin 1984 - Fig 13,Blokhin (1984)
667,Female,30.96,13.832,Blokhin 1984 - Fig 13,Blokhin (1984)
668,Female,32,12.998,Blokhin 1984 - Fig 13,Blokhin (1984)
669,Female,34.92,12.728,Blokhin 1984 - Fig 13,Blokhin (1984)
670,Female,47.45,12.925,Blokhin 1984 - Fig 13,Blokhin (1984)
671,Male,3.33,10.219,Blokhin 1984 - Fig 13,Blokhin (1984)
672,Male,4.93,10.261,Blokhin 1984 - Fig 13,Blokhin (1984)
673,Male,5.95,10.538,Blokhin 1984 - Fig 13,Blokhin (1984)
674,Male,4.25,11.095,Blokhin 1984 - Fig 13,Blokhin (1984)
675,Male,4.19,11.306,Blokhin 1984 - Fig 13,Blokhin (1984)
676,Male,5.05,11.283,Blokhin 1984 - Fig 13,Blokhin (1984)
677,Male,4.44,11.662,Blokhin 1984 - Fig 13,Blokhin (1984)
678,Male,6.31,11.093,Blokhin 1984 - Fig 13,Blokhin (1984)
679,Male,8.08,11.658,Blokhin 1984 - Fig 13,Blokhin (1984)
680,Male,7.89,11.902,Blokhin 1984 - Fig 13,Blokhin (1984)
681,Male,12.04,11.498,Blokhin 1984 - Fig 13,Blokhin (1984)
682,Male,12.08,12.075,Blokhin 1984 - Fig 13,Blokhin (1984)
683,Male,14.22,11.995,Blokhin 1984 - Fig 13,Blokhin (1984)
684,Male,15.05,12.305,Blokhin 1984 - Fig 13,Blokhin (1984)
685,Male,17.12,12.07,Blokhin 1984 - Fig 13,Blokhin (1984)
686,Male,24.96,11.306,Blokhin 1984 - Fig 13,Blokhin (1984)
687,Male,28.91,11.912,Blokhin 1984 - Fig 13,Blokhin (1984)
688,Male,29.96,12.311,Blokhin 1984 - Fig 13,Blokhin (1984)
689,Male,31.94,12.309,Blokhin 1984 - Fig 13,Blokhin (1984)
690,Male,34.94,11.572,Blokhin 1984 - Fig 13,Blokhin (1984)
691,Male,43.95,12.884,Blokhin 1984 - Fig 13,Blokhin (1984)
692,Male,44.7,12.873,Blokhin 1984 - Fig 13,Blokhin (1984)
693,Male,44.94,11.806,Blokhin 1984 - Fig 13,Blokhin (1984)
694,Unknown,0.17,5.079,Sumich 1986 - Fig 2,Sumich (1986)
695,Unknown,0.17,5.607,Sumich 1986 - Fig 2,Sumich (1986)
696,Unknown,0.17,6.227,Sumich 1986 - Fig 2,Sumich (1986)
697,Unknown,0.25,6.228,Sumich 1986 - Fig 2,Sumich (1986)
698,Unknown,0.41,6.644,Sumich 1986 - Fig 2,Sumich (1986)
699,Unknown,0.5,6.312,Sumich 1986 - Fig 2,Sumich (1986)
700,Unknown,0.5,6.829,Sumich 1986 - Fig 2,Sumich (1986)
701,Unknown,0.58,7.094,Sumich 1986 - Fig 2,Sumich (1986)
702,Unknown,0.5,7.253,Sumich 1986 - Fig 2,Sumich (1986)
703,Unknown,0.58,7.645,Sumich 1986 - Fig 2,Sumich (1986)
704,Unknown,1.75,8.912,Sumich 1986 - Fig 2,Sumich (1986)
705,Unknown,1.99,9.949,Sumich 1986 - Fig 2,Sumich (1986)
706,Unknown,2.17,8.608,Sumich 1986 - Fig 2,Sumich (1986)
707,Unknown,2.24,8.724,Sumich 1986 - Fig 2,Sumich (1986)
708,Unknown,2.24,9.218,Sumich 1986 - Fig 2,Sumich (1986)
709,Unknown,2.24,9.551,Sumich 1986 - Fig 2,Sumich (1986)
710,Unknown,2.17,9.676,Sumich 1986 - Fig 2,Sumich (1986)
711,Unknown,2.14,9.928,Sumich 1986 - Fig 2,Sumich (1986)
712,Unknown,2.98,10.238,Sumich 1986 - Fig 2,Sumich (1986)
713,Unknown,2.99,9.917,Sumich 1986 - Fig 2,Sumich (1986)
714,Unknown,3.15,10.229,Sumich 1986 - Fig 2,Sumich (1986)
715,Unknown,3.16,9.827,Sumich 1986 - Fig 2,Sumich (1986)
716,Unknown,3.24,9.53,Sumich 1986 - Fig 2,Sumich (1986)
717,Unknown,0,3.592328646,Sumich et al. 2013 - Fig 1 - lengths at birth,Sumich et al. (2013); Rice (1983)
718,Unknown,0,3.845717725,Sumich et al. 2013 - Fig 1 - lengths at birth,Sumich et al. (2013); Rice (1983)
719,Unknown,0,4.138698847,Sumich et al. 2013 - Fig 1 - lengths at birth,Sumich et al. (2013); Rice (1983)
720,Unknown,0,4.05951476,Sumich et al. 2013 - Fig 1 - lengths at birth,Sumich et al. (2013); Rice (1983)
721,Unknown,0,4.110984417,Sumich et al. 2013 - Fig 1 - lengths at birth,Sumich et al. (2013); Rice (1983)
722,Unknown,0,4.206005321,Sumich et al. 2013 - Fig 1 - lengths at birth,Sumich et al. (2013); Rice (1983)
723,Unknown,0,4.225801343,Sumich et al. 2013 - Fig 1 - lengths at birth,Sumich et al. (2013); Rice (1983)
724,Unknown,0,4.257474978,Sumich et al. 2013 - Fig 1 - lengths at birth,Sumich et al. (2013); Rice (1983)
725,Unknown,0,4.324781452,Sumich et al. 2013 - Fig 1 - lengths at birth,Sumich et al. (2013); Rice (1983)
726,Unknown,0,4.308944634,Sumich et al. 2013 - Fig 1 - lengths at birth,Sumich et al. (2013); Rice (1983)
727,Unknown,0,4.411883948,Sumich et al. 2013 - Fig 1 - lengths at birth,Sumich et al. (2013); Rice (1983)
728,Unknown,0,4.376251109,Sumich et al. 2013 - Fig 1 - lengths at birth,Sumich et al. (2013); Rice (1983)
729,Unknown,0,4.407924743,Sumich et al. 2013 - Fig 1 - lengths at birth,Sumich et al. (2013); Rice (1983)
730,Unknown,0,4.479190422,Sumich et al. 2013 - Fig 1 - lengths at birth,Sumich et al. (2013); Rice (1983)
731,Unknown,0,4.530660079,Sumich et al. 2013 - Fig 1 - lengths at birth,Sumich et al. (2013); Rice (1983)
732,Unknown,0,4.574211326,Sumich et al. 2013 - Fig 1 - lengths at birth,Sumich et al. (2013); Rice (1983)
733,Unknown,0,4.506904852,Sumich et al. 2013 - Fig 1 - lengths at birth,Sumich et al. (2013); Rice (1983)
734,Unknown,0,4.514823261,Sumich et al. 2013 - Fig 1 - lengths at birth,Sumich et al. (2013); Rice (1983)
735,Unknown,0,4.570252122,Sumich et al. 2013 - Fig 1 - lengths at birth,Sumich et al. (2013); Rice (1983)
736,Unknown,0,4.530660079,Sumich et al. 2013 - Fig 1 - lengths at birth,Sumich et al. (2013); Rice (1983)
737,Unknown,0,4.617762574,Sumich et al. 2013 - Fig 1 - lengths at birth,Sumich et al. (2013); Rice (1983)
738,Unknown,0,4.495027239,Sumich et al. 2013 - Fig 1 - lengths at birth,Sumich et al. (2013); Rice (1983)
739,Unknown,0,4.52274167,Sumich et al. 2013 - Fig 1 - lengths at birth,Sumich et al. (2013); Rice (1983)
740,Unknown,0,4.574211326,Sumich et al. 2013 - Fig 1 - lengths at birth,Sumich et al. (2013); Rice (1983)
741,Unknown,0,4.657354618,Sumich et al. 2013 - Fig 1 - lengths at birth,Sumich et al. (2013); Rice (1983)
742,Unknown,0,4.85927404,Sumich et al. 2013 - Fig 1 - lengths at birth,Sumich et al. (2013); Rice (1983)
743,Unknown,0,4.772171544,Sumich et al. 2013 - Fig 1 - lengths at birth,Sumich et al. (2013); Rice (1983)
744,Unknown,0,4.823641201,Sumich et al. 2013 - Fig 1 - lengths at birth,Sumich et al. (2013); Rice (1983)
745,Unknown,0,5.07703028,Sumich et al. 2013 - Fig 1 - lengths at birth,Sumich et al. (2013); Rice (1983)
746,Unknown,0,5.108703915,Sumich et al. 2013 - Fig 1 - lengths at birth,Sumich et al. (2013); Rice (1983)
747,Unknown,0,4.700905866,Sumich et al. 2013 - Fig 1 - lengths at birth,Sumich et al. (2013); Rice (1983)
748,Unknown,0,4.752375523,Sumich et al. 2013 - Fig 1 - lengths at birth,Sumich et al. (2013); Rice (1983)
749,Unknown,0,4.803845179,Sumich et al. 2013 - Fig 1 - lengths at birth,Sumich et al. (2013); Rice (1983)
750,Unknown,0,4.875110858,Sumich et al. 2013 - Fig 1 - lengths at birth,Sumich et al. (2013); Rice (1983)
751,Unknown,0,4.926580514,Sumich et al. 2013 - Fig 1 - lengths at birth,Sumich et al. (2013); Rice (1983)
752,Unknown,0,5.108703915,Sumich et al. 2013 - Fig 1 - lengths at birth,Sumich et al. (2013); Rice (1983)
753,Unknown,0,5.223520841,Sumich et al. 2013 - Fig 1 - lengths at birth,Sumich et al. (2013); Rice (1983)
754,Unknown,0,5.306664133,Sumich et al. 2013 - Fig 1 - lengths at birth,Sumich et al. (2013); Rice (1983)
755,Unknown,0,4.716742683,Sumich et al. 2013 - Fig 1 - lengths at birth,Sumich et al. (2013); Rice (1983)
756,Unknown,0,5.112663119,Sumich et al. 2013 - Fig 1 - lengths at birth,Sumich et al. (2013); Rice (1983)
757,Unknown,0,4.748416318,Sumich et al. 2013 - Fig 1 - lengths at birth,Sumich et al. (2013); Rice (1983)
758,Unknown,0,4.791967566,Sumich et al. 2013 - Fig 1 - lengths at birth,Sumich et al. (2013); Rice (1983)
759,Unknown,0,4.301026226,Sumich et al. 2013 - Fig 1 - lengths at birth,Sumich et al. (2013); Perryman and Lynn (2002)
760,Unknown,0,4.411883948,Sumich et al. 2013 - Fig 1 - lengths at birth,Sumich et al. (2013); Perryman and Lynn (2002)
761,Unknown,0,4.407924743,Sumich et al. 2013 - Fig 1 - lengths at birth,Sumich et al. (2013); Perryman and Lynn (2002)
762,Unknown,0,4.510864057,Sumich et al. 2013 - Fig 1 - lengths at birth,Sumich et al. (2013); Perryman and Lynn (2002)
763,Unknown,0,4.61380337,Sumich et al. 2013 - Fig 1 - lengths at birth,Sumich et al. (2013); Perryman and Lynn (2002)
764,Unknown,0,4.61380337,Sumich et al. 2013 - Fig 1 - lengths at birth,Sumich et al. (2013); Perryman and Lynn (2002)
765,Unknown,0,4.221842139,Sumich et al. 2013 - Fig 1 - lengths at birth,Sumich et al. (2013); Perryman and Lynn (2002)
766,Unknown,0,4.301026226,Sumich et al. 2013 - Fig 1 - lengths at birth,Sumich et al. (2013); Perryman and Lynn (2002)
767,Unknown,0,4.411883948,Sumich et al. 2013 - Fig 1 - lengths at birth,Sumich et al. (2013); Perryman and Lynn (2002)
768,Unknown,0,4.487108831,Sumich et al. 2013 - Fig 1 - lengths at birth,Sumich et al. (2013); Perryman and Lynn (2002)
769,Unknown,0,4.411883948,Sumich et al. 2013 - Fig 1 - lengths at birth,Sumich et al. (2013); Perryman and Lynn (2002)
770,Unknown,0,4.498986444,Sumich et al. 2013 - Fig 1 - lengths at birth,Sumich et al. (2013); Perryman and Lynn (2002)
771,Unknown,0,4.605884961,Sumich et al. 2013 - Fig 1 - lengths at birth,Sumich et al. (2013); Perryman and Lynn (2002)
772,Unknown,0,4.724661092,Sumich et al. 2013 - Fig 1 - lengths at birth,Sumich et al. (2013); Perryman and Lynn (2002)
773,Unknown,0,4.8869884709999996,Sumich et al. 2013 - Fig 1 - lengths at birth,Sumich et al. (2013); Perryman and Lynn (2002)
774,Unknown,0.473776267,7.022508039,Sumich et al. 2013 - Fig 2 - Chukotkan fishery pts,Sumich et al. (2013)
775,Unknown,0.502535848,7.22829582,Sumich et al. 2013 - Fig 2 - Chukotkan fishery pts,Sumich et al. (2013)
776,Unknown,0.525240781,7.22829582,Sumich et al. 2013 - Fig 2 - Chukotkan fishery pts,Sumich et al. (2013)
777,Unknown,0.546432052,7.22829582,Sumich et al. 2013 - Fig 2 - Chukotkan fishery pts,Sumich et al. (2013)
778,Unknown,0.569136985,7.22829582,Sumich et al. 2013 - Fig 2 - Chukotkan fishery pts,Sumich et al. (2013)
779,Unknown,0.602437553,7.337620579,Sumich et al. 2013 - Fig 2 - Chukotkan fishery pts,Sumich et al. (2013)
780,Unknown,0.563082336,7.331189711,Sumich et al. 2013 - Fig 2 - Chukotkan fishery pts,Sumich et al. (2013)
781,Unknown,0.567623323,7.434083601,Sumich et al. 2013 - Fig 2 - Chukotkan fishery pts,Sumich et al. (2013)
782,Unknown,0.602437553,7.446945338,Sumich et al. 2013 - Fig 2 - Chukotkan fishery pts,Sumich et al. (2013)
783,Unknown,0.678120663,7.440514469,Sumich et al. 2013 - Fig 2 - Chukotkan fishery pts,Sumich et al. (2013)
784,Unknown,0.567623323,7.549839228,Sumich et al. 2013 - Fig 2 - Chukotkan fishery pts,Sumich et al. (2013)
785,Unknown,0.523727119,7.549839228,Sumich et al. 2013 - Fig 2 - Chukotkan fishery pts,Sumich et al. (2013)
786,Unknown,0.54491839,7.549839228,Sumich et al. 2013 - Fig 2 - Chukotkan fishery pts,Sumich et al. (2013)
787,Unknown,0.54491839,7.646302251,Sumich et al. 2013 - Fig 2 - Chukotkan fishery pts,Sumich et al. (2013)
788,Unknown,0.523727119,7.652733119,Sumich et al. 2013 - Fig 2 - Chukotkan fishery pts,Sumich et al. (2013)
789,Unknown,0.466207956,7.8585209,Sumich et al. 2013 - Fig 2 - Chukotkan fishery pts,Sumich et al. (2013)
790,Unknown,0.799213639,7.768488746,Sumich et al. 2013 - Fig 2 - Chukotkan fishery pts,Sumich et al. (2013)
791,Unknown,0.800727301,7.967845659,Sumich et al. 2013 - Fig 2 - Chukotkan fishery pts,Sumich et al. (2013)
792,Unknown,0.776508706,7.967845659,Sumich et al. 2013 - Fig 2 - Chukotkan fishery pts,Sumich et al. (2013)
793,Unknown,0.759858421,7.967845659,Sumich et al. 2013 - Fig 2 - Chukotkan fishery pts,Sumich et al. (2013)
794,Unknown,0.738667151,7.852090032,Sumich et al. 2013 - Fig 2 - Chukotkan fishery pts,Sumich et al. (2013)
795,Unknown,0.738667151,7.762057878,Sumich et al. 2013 - Fig 2 - Chukotkan fishery pts,Sumich et al. (2013)
796,Unknown,0.679634325,7.8585209,Sumich et al. 2013 - Fig 2 - Chukotkan fishery pts,Sumich et al. (2013)
797,Unknown,0.662984041,7.852090032,Sumich et al. 2013 - Fig 2 - Chukotkan fishery pts,Sumich et al. (2013)
798,Unknown,0.623628824,7.762057878,Sumich et al. 2013 - Fig 2 - Chukotkan fishery pts,Sumich et al. (2013)
799,Unknown,0.564595998,7.762057878,Sumich et al. 2013 - Fig 2 - Chukotkan fishery pts,Sumich et al. (2013)
800,Unknown,0.504049511,7.762057878,Sumich et al. 2013 - Fig 2 - Chukotkan fishery pts,Sumich et al. (2013)
801,Unknown,0.522213457,7.75562701,Sumich et al. 2013 - Fig 2 - Chukotkan fishery pts,Sumich et al. (2013)
802,Unknown,0.543404728,7.75562701,Sumich et al. 2013 - Fig 2 - Chukotkan fishery pts,Sumich et al. (2013)
803,Unknown,0.525240781,7.8585209,Sumich et al. 2013 - Fig 2 - Chukotkan fishery pts,Sumich et al. (2013)
804,Unknown,0.481344578,8.064308682,Sumich et al. 2013 - Fig 2 - Chukotkan fishery pts,Sumich et al. (2013)
805,Unknown,0.505563173,8.180064309,Sumich et al. 2013 - Fig 2 - Chukotkan fishery pts,Sumich et al. (2013)
806,Unknown,0.48285824,8.270096463,Sumich et al. 2013 - Fig 2 - Chukotkan fishery pts,Sumich et al. (2013)
807,Unknown,0.48285824,8.392282958,Sumich et al. 2013 - Fig 2 - Chukotkan fishery pts,Sumich et al. (2013)
808,Unknown,0.525240781,8.270096463,Sumich et al. 2013 - Fig 2 - Chukotkan fishery pts,Sumich et al. (2013)
809,Unknown,0.57973262,8.59807074,Sumich et al. 2013 - Fig 2 - Chukotkan fishery pts,Sumich et al. (2013)
810,Unknown,0.564595998,8.276527331,Sumich et al. 2013 - Fig 2 - Chukotkan fishery pts,Sumich et al. (2013)
811,Unknown,0.564595998,8.167202572,Sumich et al. 2013 - Fig 2 - Chukotkan fishery pts,Sumich et al. (2013)
812,Unknown,0.541891066,8.064308682,Sumich et al. 2013 - Fig 2 - Chukotkan fishery pts,Sumich et al. (2013)
813,Unknown,0.541891066,7.954983923,Sumich et al. 2013 - Fig 2 - Chukotkan fishery pts,Sumich et al. (2013)
814,Unknown,0.543404728,7.8585209,Sumich et al. 2013 - Fig 2 - Chukotkan fishery pts,Sumich et al. (2013)
815,Unknown,0.564595998,7.8585209,Sumich et al. 2013 - Fig 2 - Chukotkan fishery pts,Sumich et al. (2013)
816,Unknown,0.662984041,8.064308682,Sumich et al. 2013 - Fig 2 - Chukotkan fishery pts,Sumich et al. (2013)
817,Unknown,0.662984041,8.186495177,Sumich et al. 2013 - Fig 2 - Chukotkan fishery pts,Sumich et al. (2013)
818,Unknown,0.699311934,8.270096463,Sumich et al. 2013 - Fig 2 - Chukotkan fishery pts,Sumich et al. (2013)
819,Unknown,0.679634325,8.38585209,Sumich et al. 2013 - Fig 2 - Chukotkan fishery pts,Sumich et al. (2013)
820,Unknown,0.662984041,8.482315113,Sumich et al. 2013 - Fig 2 - Chukotkan fishery pts,Sumich et al. (2013)
821,Unknown,0.722016867,8.688102894,Sumich et al. 2013 - Fig 2 - Chukotkan fishery pts,Sumich et al. (2013)
822,Unknown,0.820404909,8.803858521,Sumich et al. 2013 - Fig 2 - Chukotkan fishery pts,Sumich et al. (2013)
823,Unknown,0.662984041,9.01607717,Sumich et al. 2013 - Fig 2 - Chukotkan fishery pts,Sumich et al. (2013)
824,Unknown,0.623628824,8.38585209,Sumich et al. 2013 - Fig 2 - Chukotkan fishery pts,Sumich et al. (2013)
825,Unknown,0.625142486,8.270096463,Sumich et al. 2013 - Fig 2 - Chukotkan fishery pts,Sumich et al. (2013)
826,Unknown,0.600923891,8.180064309,Sumich et al. 2013 - Fig 2 - Chukotkan fishery pts,Sumich et al. (2013)
827,Unknown,0.561568674,8.064308682,Sumich et al. 2013 - Fig 2 - Chukotkan fishery pts,Sumich et al. (2013)
828,Unknown,0.625142486,8.160771704,Sumich et al. 2013 - Fig 2 - Chukotkan fishery pts,Sumich et al. (2013)
829,Unknown,0.646333757,8.128617363,Sumich et al. 2013 - Fig 2 - Chukotkan fishery pts,Sumich et al. (2013)
830,Unknown,0.599410229,7.852090032,Sumich et al. 2013 - Fig 2 - Chukotkan fishery pts,Sumich et al. (2013)
831,Unknown,0.582759945,7.852090032,Sumich et al. 2013 - Fig 2 - Chukotkan fishery pts,Sumich et al. (2013)
832,Unknown,0.6206015,7.852090032,Sumich et al. 2013 - Fig 2 - Chukotkan fishery pts,Sumich et al. (2013)
833,Unknown,0.64179277,7.852090032,Sumich et al. 2013 - Fig 2 - Chukotkan fishery pts,Sumich et al. (2013)
834,Unknown,0.582759945,8.064308682,Sumich et al. 2013 - Fig 2 - Chukotkan fishery pts,Sumich et al. (2013)
835,Unknown,0.622115162,8.064308682,Sumich et al. 2013 - Fig 2 - Chukotkan fishery pts,Sumich et al. (2013)
836,Unknown,0.64179277,8.019292605,Sumich et al. 2013 - Fig 2 - Chukotkan fishery pts,Sumich et al. (2013)
837,Unknown,0.564595998,8.012861736,Sumich et al. 2013 - Fig 2 - Chukotkan fishery pts,Sumich et al. (2013)
838,Unknown,0.585787269,7.974276527,Sumich et al. 2013 - Fig 2 - Chukotkan fishery pts,Sumich et al. (2013)
839,Unknown,0.610005864,8.012861736,Sumich et al. 2013 - Fig 2 - Chukotkan fishery pts,Sumich et al. (2013)
840,Unknown,0.625142486,7.961414791,Sumich et al. 2013 - Fig 2 - Chukotkan fishery pts,Sumich et al. (2013)
841,Unknown,0.603951215,7.935691318,Sumich et al. 2013 - Fig 2 - Chukotkan fishery pts,Sumich et al. (2013)
842,Unknown,0.646333757,7.935691318,Sumich et al. 2013 - Fig 2 - Chukotkan fishery pts,Sumich et al. (2013)
843,Unknown,0.573677972,7.922829582,Sumich et al. 2013 - Fig 2 - Chukotkan fishery pts,Sumich et al. (2013)
844,Unknown,1.713465604,10.23794212,Sumich et al. 2013 - Fig 2 - Chukotkan fishery pts,Sumich et al. (2013)
845,Unknown,1.774012092,10.03215434,Sumich et al. 2013 - Fig 2 - Chukotkan fishery pts,Sumich et al. (2013)
846,Unknown,1.69681532,9.819935691,Sumich et al. 2013 - Fig 2 - Chukotkan fishery pts,Sumich et al. (2013)
847,Unknown,1.736170537,9.710610932,Sumich et al. 2013 - Fig 2 - Chukotkan fishery pts,Sumich et al. (2013)
848,Unknown,1.774012092,9.704180064,Sumich et al. 2013 - Fig 2 - Chukotkan fishery pts,Sumich et al. (2013)
849,Unknown,1.774012092,9.498392283,Sumich et al. 2013 - Fig 2 - Chukotkan fishery pts,Sumich et al. (2013)
850,Unknown,1.713465604,9.408360129,Sumich et al. 2013 - Fig 2 - Chukotkan fishery pts,Sumich et al. (2013)
851,Unknown,1.796717024,9.080385852,Sumich et al. 2013 - Fig 2 - Chukotkan fishery pts,Sumich et al. (2013)
852,Unknown,1.772498429,9.080385852,Sumich et al. 2013 - Fig 2 - Chukotkan fishery pts,Sumich et al. (2013)
853,Unknown,1.698328982,8.874598071,Sumich et al. 2013 - Fig 2 - Chukotkan fishery pts,Sumich et al. (2013)
854,Unknown,1.675624049,8.874598071,Sumich et al. 2013 - Fig 2 - Chukotkan fishery pts,Sumich et al. (2013)
855,Unknown,1.654432778,8.784565916,Sumich et al. 2013 - Fig 2 - Chukotkan fishery pts,Sumich et al. (2013)
856,Unknown,1.677137711,8.668810289,Sumich et al. 2013 - Fig 2 - Chukotkan fishery pts,Sumich et al. (2013)
857,Unknown,1.637782494,8.668810289,Sumich et al. 2013 - Fig 2 - Chukotkan fishery pts,Sumich et al. (2013)
858,Unknown,1.637782494,8.578778135,Sumich et al. 2013 - Fig 2 - Chukotkan fishery pts,Sumich et al. (2013)
859,Unknown,1.577236006,8.874598071,Sumich et al. 2013 - Fig 2 - Chukotkan fishery pts,Sumich et al. (2013)
860,Unknown,1.537880789,8.668810289,Sumich et al. 2013 - Fig 2 - Chukotkan fishery pts,Sumich et al. (2013)
861,Unknown,1.557558398,8.668810289,Sumich et al. 2013 - Fig 2 - Chukotkan fishery pts,Sumich et al. (2013)
862,Unknown,1.577236006,8.572347267,Sumich et al. 2013 - Fig 2 - Chukotkan fishery pts,Sumich et al. (2013)
863,Unknown,1.554531073,8.45659164,Sumich et al. 2013 - Fig 2 - Chukotkan fishery pts,Sumich et al. (2013)
864,Unknown,1.578749669,8.463022508,Sumich et al. 2013 - Fig 2 - Chukotkan fishery pts,Sumich et al. (2013)
865,Unknown,1.599940939,8.45659164,Sumich et al. 2013 - Fig 2 - Chukotkan fishery pts,Sumich et al. (2013)
866,Unknown,1.616591223,8.250803859,Sumich et al. 2013 - Fig 2 - Chukotkan fishery pts,Sumich et al. (2013)
867,Unknown,1.675624049,8.45659164,Sumich et al. 2013 - Fig 2 - Chukotkan fishery pts,Sumich et al. (2013)
868,Unknown,1.698328982,8.45659164,Sumich et al. 2013 - Fig 2 - Chukotkan fishery pts,Sumich et al. (2013)
869,Unknown,1.714979266,8.45659164,Sumich et al. 2013 - Fig 2 - Chukotkan fishery pts,Sumich et al. (2013)
870,Unknown,1.675624049,8.360128617,Sumich et al. 2013 - Fig 2 - Chukotkan fishery pts,Sumich et al. (2013)
871,Unknown,1.675624049,8.250803859,Sumich et al. 2013 - Fig 2 - Chukotkan fishery pts,Sumich et al. (2013)
872,Unknown,1.675624049,8.045016077,Sumich et al. 2013 - Fig 2 - Chukotkan fishery pts,Sumich et al. (2013)
873,Unknown,1.045940576,8.823151125,Sumich et al. 2013 - Fig 2 - Perryman and Lynn (2002),Sumich et al. (2013); Perryman and Lynn (2002)
874,Unknown,1.058049874,8.495176849,Sumich et al. 2013 - Fig 2 - Perryman and Lynn (2002),Sumich et al. (2013); Perryman and Lynn (2002)
875,Unknown,1.058049874,8.282958199,Sumich et al. 2013 - Fig 2 - Perryman and Lynn (2002),Sumich et al. (2013); Perryman and Lynn (2002)
876,Unknown,1.079241144,8.282958199,Sumich et al. 2013 - Fig 2 - Perryman and Lynn (2002),Sumich et al. (2013); Perryman and Lynn (2002)
877,Unknown,1.058049874,8.077170418,Sumich et al. 2013 - Fig 2 - Perryman and Lynn (2002),Sumich et al. (2013); Perryman and Lynn (2002)
878,Unknown,1.192765809,8.282958199,Sumich et al. 2013 - Fig 2 - Perryman and Lynn (2002),Sumich et al. (2013); Perryman and Lynn (2002)
879,Unknown,1.167033552,8.475884244,Sumich et al. 2013 - Fig 2 - Perryman and Lynn (2002),Sumich et al. (2013); Perryman and Lynn (2002)
880,Unknown,1.194279471,8.488745981,Sumich et al. 2013 - Fig 2 - Perryman and Lynn (2002),Sumich et al. (2013); Perryman and Lynn (2002)
881,Unknown,1.192765809,8.70096463,Sumich et al. 2013 - Fig 2 - Perryman and Lynn (2002),Sumich et al. (2013); Perryman and Lynn (2002)
882,Unknown,1.221525391,8.707395498,Sumich et al. 2013 - Fig 2 - Perryman and Lynn (2002),Sumich et al. (2013); Perryman and Lynn (2002)
883,Unknown,1.192765809,8.91318328,Sumich et al. 2013 - Fig 2 - Perryman and Lynn (2002),Sumich et al. (2013); Perryman and Lynn (2002)
